player_name,team,sport,birth_date,birth_location,active_status,gender,height_in_cm,weight_in_lb,team_rank,conference,division,player_rank,efficiency_nerd,efficiency_nf_eff,efficiency_fantasy,statistics_mpg,statistics_ppg,statistics_rpg,statistics_apg
Shai Gilgeous-Alexander,Oklahoma City Thunder,Basketball,1998-07-12,"Toronto, Ontario",True,M,198.0,180.0,3,Western Conference,Northwest,2,22.9,7.3,12.91,34.4,30.3,5.5,6.3
Giannis Antetokounmpo,Milwaukee Bucks,Basketball,1994-12-06,"Athens, Greece",True,M,211.0,242.0,7,Eastern Conference,Central,3,19.9,6.2,6.36,35.2,30.7,11.5,6.5
Anthony Davis,Los Angeles Lakers,Basketball,1993-03-11,"Chicago, Illinois",True,M,208.0,253.0,17,Western Conference,Pacific,5,14.3,4.3,13.71,35.8,24.8,12.8,3.5
Jayson Tatum,Boston Celtics,Basketball,1998-03-03,"St. Louis, Missouri, USA",True,M,203.0,209.0,1,Eastern Conference,Atlantic,6,13.5,4.1,7.50,35.8,27.0,8.2,4.9
Jalen Brunson,New York Knicks,Basketball,1996-08-31,"New Brunswick, New Jersey",True,M,185.0,190.0,8,Eastern Conference,Atlantic,7,13.2,4.0,4.57,35.2,28.0,3.6,6.7
Joel Embiid,Philadelphia 76ers,Basketball,1994-03-16,"Yaoundé, Cameroon",True,M,213.0,280.0,13,Eastern Conference,Atlantic,8,12.1,7.7,5.29,33.9,34.8,10.9,5.6
Domantas Sabonis,Sacramento Kings,Basketball,1996-05-03,"Portland, Oregon",True,M,211.0,240.0,19,Western Conference,Pacific,9,11.9,3.3,5.08,35.8,19.6,13.7,8.3
Jarrett Allen,Cleveland Cavaliers,Basketball,1998-04-21,"San Diego, California",True,M,211.0,243.0,9,Eastern Conference,Central,10,11.7,4.0,5.69,31.7,16.4,10.5,2.7
Rudy Gobert,Minnesota Timberwolves,Basketball,1992-06-23,"Saint-Quentin, France",True,M,216.0,245.0,2,Western Conference,Northwest,11,11.3,3.6,4.65,33.9,13.6,12.8,1.3
Kawhi Leonard,Los Angeles Clippers,Basketball,1991-06-29,"Los Angeles, California",True,M,200.99999999999997,225.0,6,Western Conference,Pacific,13,10.9,3.6,8.97,34.3,23.7,6.1,3.6
Devin Booker,Phoenix Suns,Basketball,1996-10-30,"Grand Rapids, Michigan",True,M,198.0,210.0,10,Western Conference,Pacific,14,10.7,3.7,4.55,35.7,27.3,4.7,7.0
Jimmy Butler,Miami Heat,Basketball,1989-09-14,"Houston, Texas, USA",True,M,201.0,231.0,14,Eastern Conference,Southeast,15,10.1,4.2,2.78,34.0,21.0,5.3,4.9
Tyrese Haliburton,Indiana Pacers,Basketball,2000-02-29,"Milwaukee, Wisconsin, U.S.",True,M,196.0,185.0,16,Eastern Conference,Central,16,8.6,3.2,5.81,32.3,20.2,3.9,11.0
Kevin Durant,Phoenix Suns,Basketball,1988-09-29,"Washington, D.C.",True,M,208.0,240.0,10,Western Conference,Pacific,17,8.3,2.5,7.75,37.1,27.4,6.7,5.2
LeBron James,Los Angeles Lakers,Basketball,1984-12-30,"Akron, Ohio",True,M,206.0,250.0,17,Western Conference,Pacific,18,7.9,2.6,4.92,35.1,25.4,7.3,8.1
Zion Williamson,New Orleans Pelicans,Basketball,2000-07-06,"Salisbury, North Carolina",True,M,198.0,284.0,4,Western Conference,Southwest,19,7.8,3.0,-0.91,31.3,22.8,5.8,5.0
Chet Holmgren,Oklahoma City Thunder,Basketball,2002-05-01,"Minneapolis, Minnesota, U.S.",True,M,216.0,207.0,3,Western Conference,Northwest,19,7.8,2.6,6.48,29.8,16.6,7.9,2.5
Derrick White,Boston Celtics,Basketball,1994-07-02,"Parker, Colorado, USA",True,M,193.0,190.0,1,Eastern Conference,Atlantic,21,7.6,2.6,4.68,32.7,15.4,4.3,5.2
DeMar DeRozan,Chicago Bulls,Basketball,1989-08-07,"Compton, California",True,M,198.0,220.0,20,Eastern Conference,Central,22,7.3,2.0,6.49,37.7,23.5,4.3,5.3
Daniel Gafford,Dallas Mavericks,Basketball,1998-10-01,"El Dorado, Arkansas, U.S.",True,M,208.0,234.0,11,Western Conference,Southwest,23,7.2,3.2,3.25,24.8,10.9,7.8,1.6
Donovan Mitchell,Cleveland Cavaliers,Basketball,1996-09-07,"Elmsford, New York",True,M,185.0,215.0,9,Eastern Conference,Central,25,7.0,3.0,3.35,35.3,26.8,5.1,6.0
Stephen Curry,Golden State Warriors,Basketball,1988-03-14,"Akron, Ohio",True,M,188.0,185.0,15,Western Conference,Pacific,27,6.8,2.3,5.47,32.7,26.5,4.4,5.0
Lauri Markkanen,Utah Jazz,Basketball,1997-05-22,"Vantaa, Finland",True,M,213.0,240.0,24,Western Conference,Northwest,27,6.8,2.9,3.43,33.1,23.2,8.2,2.0
Damian Lillard,Milwaukee Bucks,Basketball,1990-07-15,"Oakland, California",True,M,188.0,195.0,7,Eastern Conference,Central,29,6.7,2.1,4.55,35.3,24.6,4.4,7.0
Kyrie Irving,Dallas Mavericks,Basketball,1992-03-23,"Melbourne, Victoria",True,M,188.0,195.0,11,Western Conference,Southwest,31,6.5,2.6,3.55,34.7,25.4,4.9,5.2
Karl-Anthony Towns,Minnesota Timberwolves,Basketball,1995-11-15,"Edison, New Jersey",True,M,211.0,248.0,2,Western Conference,Northwest,31,6.5,2.6,4.61,32.8,22.1,8.4,3.0
Tyrese Maxey,Philadelphia 76ers,Basketball,2000-11-04,"Dallas, Texas, U.S.",True,M,188.0,200.0,13,Eastern Conference,Atlantic,31,6.5,2.0,4.48,37.5,25.8,3.7,6.3
Isaiah Hartenstein,New York Knicks,Basketball,1998-05-05,"Eugene, Oregon",True,M,213.0,250.0,8,Eastern Conference,Atlantic,34,6.1,2.7,1.46,25.0,7.5,8.3,2.4
Moritz Wagner,Orlando Magic,Basketball,1997-04-26,"Berlin, Germany",True,M,211.0,245.0,12,Eastern Conference,Southeast,34,6.1,3.6,0.21,17.7,10.9,4.4,1.2
Jalen Williams,Oklahoma City Thunder,Basketball,2001-04-14,"Denver, Colorado, U.S.",True,M,196.0,210.0,3,Western Conference,Northwest,34,6.1,2.2,2.58,31.7,19.5,4.0,4.6
Paul George,Los Angeles Clippers,Basketball,1990-05-02,"Palmdale, California",True,M,202.99999999999997,220.0,6,Western Conference,Pacific,37,5.8,1.9,7.74,33.9,22.5,5.2,3.5
Ivica Zubac,Los Angeles Clippers,Basketball,1997-03-18,"Mostar, Bosnia and Herzegovina",True,M,213.0,240.0,6,Western Conference,Pacific,37,5.8,2.6,1.96,26.6,11.6,9.2,1.4
Anthony Edwards,Minnesota Timberwolves,Basketball,2001-08-05,"Atlanta, Georgia",True,M,193.0,225.0,2,Western Conference,Northwest,37,5.8,1.7,4.39,35.1,25.9,5.6,5.1
James Harden,Los Angeles Clippers,Basketball,1989-08-26,"Los Angeles, California",True,M,196.0,220.0,6,Western Conference,Pacific,40,5.7,1.8,6.01,34.8,16.7,5.2,8.6
Bam Adebayo,Miami Heat,Basketball,1997-07-18,"Newark, New Jersey, USA",True,M,208.0,260.0,14,Eastern Conference,Southeast,41,5.5,1.9,4.68,34.2,19.6,10.7,4.0
Evan Mobley,Cleveland Cavaliers,Basketball,2001-06-18,"San Diego, California, U.S.",True,M,213.0,215.0,9,Eastern Conference,Central,42,5.4,3.0,1.27,30.8,16.0,9.7,3.2
Trayce Jackson-Davis,Golden State Warriors,Basketball,2000-02-22,"Greenwood, Indiana, U.S.",True,M,206.0,245.0,15,Western Conference,Pacific,43,4.7,3.6,-4.04,16.1,7.8,4.9,1.2
Luke Kornet,Boston Celtics,Basketball,1995-07-15,"Lexington, Kentucky",True,M,216.0,250.0,1,Eastern Conference,Atlantic,44,4.6,4.0,-3.45,15.3,5.1,4.0,1.0
Jaylen Brown,Boston Celtics,Basketball,1996-10-24,"Atlanta, Georgia, USA",True,M,198.0,223.0,1,Eastern Conference,Atlantic,45,4.5,1.6,1.33,33.6,23.2,5.5,3.6
Fred VanVleet,Houston Rockets,Basketball,1994-02-25,"Rockford, Illinois",True,M,185.0,197.0,18,Western Conference,Southwest,45,4.5,1.4,5.39,36.6,16.7,3.7,8.1
Jamal Murray,Denver Nuggets,Basketball,1997-02-23,"Kitchener, Ontario",True,M,191.0,215.0,5,Western Conference,Northwest,47,4.4,2.0,0.47,32.1,20.9,4.1,6.7
Al Horford,Boston Celtics,Basketball,1986-06-03,"Puerto Plata, Dominican Republic",True,M,206.0,245.0,1,Eastern Conference,Atlantic,48,4.3,1.9,2.58,27.0,8.7,6.4,2.6
Andre Drummond,Chicago Bulls,Basketball,1993-08-10,"Mount Vernon, New York",True,M,208.0,279.0,20,Eastern Conference,Central,49,4.2,2.5,-0.16,17.2,8.4,9.0,0.5
Donte DiVincenzo,New York Knicks,Basketball,1997-01-31,"Newark, Delaware",True,M,193.0,203.0,8,Eastern Conference,Atlantic,50,4.1,1.5,2.48,28.3,15.2,3.6,2.6
Clint Capela,Atlanta Hawks,Basketball,1994-05-18,"Geneva, Switzerland",True,M,208.0,240.0,21,Eastern Conference,Southeast,52,4.0,1.7,2.38,25.6,11.3,10.7,1.2
Jalen Smith,Indiana Pacers,Basketball,2000-03-16,"Portsmouth, Virginia, U.S.",True,M,208.0,215.0,16,Eastern Conference,Central,53,3.9,3.1,-1.10,17.4,10.1,5.7,1.0
Pascal Siakam,Indiana Pacers,Basketball,1994-04-02,"Douala, Cameroon",True,M,206.0,230.0,16,Eastern Conference,Central,55,3.8,1.2,2.12,33.4,21.8,7.1,4.4
Collin Sexton,Utah Jazz,Basketball,1999-01-04,"Marietta, Georgia",True,M,185.0,190.0,24,Western Conference,Northwest,55,3.8,1.4,1.65,26.6,18.7,2.6,4.9
Franz Wagner,Orlando Magic,Basketball,2001-08-27,"Berlin, Germany",True,M,206.0,225.0,12,Eastern Conference,Southeast,55,3.8,1.3,2.35,32.6,19.7,5.3,3.8
Aaron Gordon,Denver Nuggets,Basketball,1995-09-16,"San Jose, California",True,M,202.99999999999997,235.0,5,Western Conference,Northwest,58,3.6,1.3,-1.01,31.6,14.0,6.5,3.4
Jonathan Isaac,Orlando Magic,Basketball,1997-10-03,"The Bronx, New York",True,M,211.0,230.0,12,Eastern Conference,Southeast,58,3.6,3.4,-3.37,15.5,6.9,4.4,0.5
De'Aaron Fox,Sacramento Kings,Basketball,1997-12-20,"New Orleans, Louisiana",True,M,191.0,185.0,19,Western Conference,Pacific,60,3.5,1.1,4.18,35.9,26.6,4.6,5.7
Isaiah Jackson,Indiana Pacers,Basketball,2002-01-10,"Pontiac, Michigan, U.S.",True,M,208.0,206.0,16,Eastern Conference,Central,61,3.3,3.4,-3.91,13.0,6.5,4.0,0.8
Trey Murphy III,New Orleans Pelicans,Basketball,2000-06-18,,True,M,206.0,206.0,4,Western Conference,Southwest,61,3.3,1.7,-0.75,28.8,14.2,4.8,2.1
Kevin Love,Miami Heat,Basketball,1988-09-07,"Santa Monica, California",True,M,202.99999999999997,251.0,14,Eastern Conference,Southeast,63,3.2,2.8,-2.02,17.4,9.0,6.3,2.2
Myles Turner,Indiana Pacers,Basketball,1996-03-24,"Bedford, Texas",True,M,211.0,250.0,16,Eastern Conference,Central,63,3.2,1.3,5.42,27.0,16.8,6.8,1.3
Goga Bitadze,Orlando Magic,Basketball,1999-07-20,"Sagarejo, Georgia",True,M,211.0,250.0,12,Eastern Conference,Southeast,65,3.0,2.5,-1.47,16.4,5.3,4.9,1.4
Grayson Allen,Phoenix Suns,Basketball,1995-10-08,"Jacksonville, Florida",True,M,193.0,198.0,10,Western Conference,Pacific,67,2.8,0.9,2.10,33.6,13.6,3.9,3.1
Wendell Carter Jr.,Orlando Magic,Basketball,1999-04-16,"Atlanta, Georgia",True,M,208.0,270.0,12,Eastern Conference,Southeast,67,2.8,1.6,-3.91,26.2,11.3,7.2,1.8
Payton Pritchard,Boston Celtics,Basketball,1998-01-28,"Tualatin, Oregon, USA",True,M,185.0,195.0,1,Eastern Conference,Atlantic,67,2.8,1.3,-2.45,21.8,8.8,3.2,3.1
Brandon Ingram,New Orleans Pelicans,Basketball,1997-09-02,"Kinston, North Carolina",True,M,202.99999999999997,190.0,4,Western Conference,Southwest,70,2.7,1.0,0.84,33.0,20.9,5.1,5.8
Paul Reed,Philadelphia 76ers,Basketball,1999-06-14,"Orlando, Florida, U.S.",True,M,206.0,210.0,13,Eastern Conference,Atlantic,72,2.5,1.3,-0.37,19.2,7.2,5.9,1.2
Jrue Holiday,Boston Celtics,Basketball,1990-06-12,"Chatsworth, California",True,M,191.0,205.0,1,Eastern Conference,Atlantic,73,2.4,0.8,0.75,33.1,12.6,5.5,4.9
Trae Young,Atlanta Hawks,Basketball,1998-09-19,"Lubbock, Texas",True,M,185.0,164.0,21,Eastern Conference,Southeast,73,2.4,1.0,0.72,36.5,26.4,2.7,10.8
Naz Reid,Minnesota Timberwolves,Basketball,1999-08-26,"Asbury Park, New Jersey, U.S.",True,M,206.0,264.0,2,Western Conference,Northwest,73,2.4,1.0,3.36,24.2,13.3,5.2,1.3
Herbert Jones,New Orleans Pelicans,Basketball,1998-10-06,"Greensboro, Alabama U.S.",True,M,202.99999999999997,210.0,4,Western Conference,Southwest,73,2.4,0.9,3.26,30.3,11.1,3.5,2.6
Sam Hauser,Boston Celtics,Basketball,1997-12-08,"Green Bay, Wisconsin, U.S.",True,M,202.99999999999997,215.0,1,Eastern Conference,Atlantic,77,2.3,1.1,-1.53,21.6,8.7,3.5,0.9
Julius Randle,New York Knicks,Basketball,1994-11-29,"Dallas, Texas",True,M,202.99999999999997,250.0,8,Eastern Conference,Atlantic,78,2.2,1.0,-3.50,35.4,24.0,9.2,5.0
Michael Porter Jr.,Denver Nuggets,Basketball,1998-06-29,"Columbia, Missouri",True,M,208.0,218.0,5,Western Conference,Northwest,78,2.2,0.7,2.87,31.8,16.8,7.1,1.5
Mark Williams,Charlotte Hornets,Basketball,2001-12-16,"Norfolk, Virginia, U.S.",True,M,213.0,242.0,30,Eastern Conference,Southeast,81,2.1,3.2,-3.84,26.7,12.7,9.7,1.2
Nick Richards,Charlotte Hornets,Basketball,1997-11-29,"Kingston, Jamaica",True,M,213.0,245.0,30,Eastern Conference,Southeast,82,2.0,0.9,0.90,26.6,9.8,8.2,0.8
Day'Ron Sharpe,Brooklyn Nets,Basketball,2001-11-06,"Greenville, North Carolina, U.S.",True,M,211.0,265.0,22,Eastern Conference,Atlantic,83,1.9,1.7,-3.06,15.1,7.0,6.4,1.4
Miles McBride,New York Knicks,Basketball,2000-09-08,"Cincinnati, Ohio, U.S.",True,M,188.0,200.0,8,Eastern Conference,Atlantic,83,1.9,1.2,-3.77,19.6,8.4,1.5,1.6
Jalen Duren,Detroit Pistons,Basketball,2003-11-18,"Sharon Hill, Pennsylvania, U.S.",True,M,208.0,250.0,27,Eastern Conference,Central,83,1.9,0.9,2.12,29.1,13.7,11.6,2.4
Larry Nance Jr.,New Orleans Pelicans,Basketball,1993-01-01,"Akron, Ohio",True,M,200.99999999999997,245.0,4,Western Conference,Southwest,87,1.7,1.2,-3.37,19.6,5.6,5.0,1.7
Jonathan Kuminga,Golden State Warriors,Basketball,2002-10-06,"Goma, DR Congo",True,M,202.99999999999997,210.0,15,Western Conference,Pacific,87,1.7,0.7,-1.38,26.3,16.3,4.8,2.1
Amen Thompson,Houston Rockets,Basketball,2003-01-30,"Oakland, California, U.S.",True,M,200.99999999999997,200.0,18,Western Conference,Southwest,87,1.7,1.1,-2.41,21.6,9.2,6.4,2.4
T.J. McConnell,Indiana Pacers,Basketball,1992-03-25,"Pittsburgh, Pennsylvania",True,M,185.0,190.0,16,Eastern Conference,Central,90,1.6,1.0,-2.12,18.0,9.8,2.7,5.4
Jakob Poeltl,Toronto Raptors,Basketball,1995-10-15,"Vienna, Austria",True,M,216.0,245.0,23,Eastern Conference,Atlantic,90,1.6,0.9,-0.12,26.4,11.1,8.6,2.5
Bol Bol,Phoenix Suns,Basketball,1999-11-16,"Khartoum, Sudan",True,M,218.00000000000003,220.0,10,Western Conference,Pacific,90,1.6,2.8,-3.91,11.4,5.5,3.4,0.4
Obi Toppin,Indiana Pacers,Basketball,1998-03-04,"Brooklyn, New York",True,M,206.0,220.0,16,Eastern Conference,Central,90,1.6,0.7,-0.64,21.3,10.1,3.9,1.5
Neemias Queta,Boston Celtics,Basketball,1999-07-13,"Lisbon, Portugal",True,M,213.0,245.0,1,Eastern Conference,Atlantic,90,1.6,4.1,-5.03,11.4,4.6,4.1,0.5
Chris Paul,Golden State Warriors,Basketball,1985-05-06,"Winston-Salem, North Carolina",True,M,183.0,175.0,15,Western Conference,Pacific,95,1.5,0.9,-2.16,26.2,9.2,3.9,6.8
Tobias Harris,Philadelphia 76ers,Basketball,1992-07-15,"Islip, New York",True,M,202.99999999999997,226.0,13,Eastern Conference,Atlantic,95,1.5,0.5,3.12,33.9,17.2,6.4,3.1
Kevon Looney,Golden State Warriors,Basketball,1996-02-06,"Milwaukee, Wisconsin",True,M,206.0,222.0,15,Western Conference,Pacific,97,1.4,1.0,-4.67,16.2,4.4,5.7,1.9
Immanuel Quickley,Toronto Raptors,Basketball,1999-06-17,"Havre de Grace, Maryland, U.S.",True,M,191.0,190.0,23,Eastern Conference,Atlantic,97,1.4,0.6,-0.50,29.0,16.6,3.7,4.7
Sam Merrill,Cleveland Cavaliers,Basketball,1996-05-15,"Albuquerque, New Mexico, U.S.",True,M,193.0,205.0,9,Eastern Conference,Central,97,1.4,1.0,-4.84,17.8,8.2,2.0,1.8
Kelly Olynyk,Toronto Raptors,Basketball,1991-04-19,"Toronto, Ontario",True,M,211.0,240.0,23,Eastern Conference,Atlantic,100,1.3,0.6,2.68,22.2,9.5,5.1,4.5
Dwight Powell,Dallas Mavericks,Basketball,1991-07-20,"Toronto, Ontario",True,M,208.0,240.0,11,Western Conference,Southwest,100,1.3,1.3,-6.18,12.9,3.3,3.2,1.3
Thomas Bryant,Miami Heat,Basketball,1997-07-31,"Rochester, New York",True,M,208.0,248.0,14,Eastern Conference,Southeast,100,1.3,2.5,-4.43,11.3,5.4,3.5,0.6
Mason Plumlee,Los Angeles Clippers,Basketball,1990-03-05,"Fort Wayne, Indiana",True,M,211.0,254.0,6,Western Conference,Pacific,103,1.2,1.6,-4.72,14.0,5.2,4.9,1.0
Kyle Anderson,Minnesota Timberwolves,Basketball,1993-09-20,"New York City, New York",True,M,206.0,230.0,2,Western Conference,Northwest,103,1.2,0.5,-1.87,22.8,6.6,3.6,4.3
Marvin Bagley III,Washington Wizards,Basketball,1999-03-14,"Tempe, Arizona",True,M,211.0,235.0,28,Eastern Conference,Southeast,105,1.1,0.8,-4.30,21.1,11.7,6.2,1.1
Aaron Wiggins,Oklahoma City Thunder,Basketball,1999-01-02,"Greensboro, North Carolina, U.S.",True,M,198.0,200.0,3,Western Conference,Northwest,105,1.1,0.8,-4.28,15.3,6.4,2.3,1.0
Brook Lopez,Milwaukee Bucks,Basketball,1988-04-01,"North Hollywood, California",True,M,213.0,282.0,7,Eastern Conference,Central,107,1.0,0.4,6.66,30.7,12.5,5.3,1.6
Bobby Portis,Milwaukee Bucks,Basketball,1995-02-10,"Little Rock, Arkansas",True,M,208.0,250.0,7,Eastern Conference,Central,107,1.0,0.4,3.45,24.3,13.5,7.3,1.2
John Collins,Utah Jazz,Basketball,1997-09-23,"Layton, Utah",True,M,206.0,235.0,24,Western Conference,Northwest,107,1.0,0.4,0.86,28.0,15.1,8.5,1.1
Walker Kessler,Utah Jazz,Basketball,2001-07-26,"Atlanta, Georgia",True,M,213.0,245.0,24,Western Conference,Northwest,107,1.0,0.5,2.34,23.3,8.1,7.5,0.9
Khris Middleton,Milwaukee Bucks,Basketball,1991-08-12,"Charleston, South Carolina",True,M,200.99999999999997,222.0,7,Eastern Conference,Central,112,0.9,0.5,-1.41,27.2,15.2,4.6,5.3
Drew Eubanks,Phoenix Suns,Basketball,1997-02-01,"Starkville, Mississippi",True,M,206.0,245.0,10,Western Conference,Pacific,112,0.9,0.6,-3.96,15.7,5.2,4.2,0.8
Desmond Bane,Memphis Grizzlies,Basketball,1998-06-25,"Richmond, Indiana",True,M,196.0,215.0,25,Western Conference,Southwest,112,0.9,0.5,-1.62,34.4,23.7,4.4,5.5
Ricky Council IV,Philadelphia 76ers,Basketball,2001-08-03,"Durham, North Carolina, U.S.",True,M,198.0,205.0,13,Eastern Conference,Atlantic,112,0.9,2.8,-9.35,8.7,5.7,1.5,0.4
Norman Powell,Los Angeles Clippers,Basketball,1993-05-25,"San Diego, California",True,M,191.0,215.0,6,Western Conference,Pacific,118,0.7,0.3,-1.26,26.2,14.1,2.5,1.1
Mitchell Robinson,New York Knicks,Basketball,1998-04-01,"Pensacola, Florida",True,M,213.0,240.0,8,Eastern Conference,Atlantic,118,0.7,0.8,-4.37,26.2,5.8,9.3,0.7
Oshae Brissett,Boston Celtics,Basketball,1998-06-20,"Toronto, Ontario, Canada",True,M,200.99999999999997,210.0,1,Eastern Conference,Atlantic,118,0.7,0.9,-7.39,11.5,3.5,2.8,0.8
Jock Landale,Houston Rockets,Basketball,1995-10-25,"Melbourne, Victoria, Australia",True,M,211.0,256.0,18,Western Conference,Southwest,118,0.7,0.9,-3.75,12.6,4.3,3.1,1.0
Austin Reaves,Los Angeles Lakers,Basketball,1998-05-29,"Newark, Arkansas, U.S.",True,M,196.0,206.0,17,Western Conference,Pacific,118,0.7,0.2,2.10,32.1,15.9,4.4,5.6
Trendon Watford,Brooklyn Nets,Basketball,2000-11-09,"Birmingham, Alabama, U.S.",True,M,206.0,240.0,22,Eastern Conference,Atlantic,118,0.7,0.8,-5.66,12.4,6.4,2.7,1.1
DeAndre Jordan,Denver Nuggets,Basketball,1988-07-21,"Houston, Texas",True,M,211.0,265.0,5,Western Conference,Northwest,124,0.6,1.1,-5.96,11.0,3.9,4.4,0.7
Damian Jones,Cleveland Cavaliers,Basketball,1995-06-30,"Baton Rouge, Louisiana",True,M,211.0,245.0,9,Eastern Conference,Central,124,0.6,1.7,-5.43,7.1,2.8,1.7,0.4
Deandre Ayton,Portland Trail Blazers,Basketball,1998-07-23,"Nassau, Bahamas",True,M,211.0,250.0,29,Western Conference,Northwest,124,0.6,0.3,2.22,32.5,16.4,11.2,1.7
Ja Morant,Memphis Grizzlies,Basketball,1999-08-10,"Dalzell, South Carolina",True,M,191.0,174.0,25,Western Conference,Southwest,124,0.6,1.3,-8.28,35.3,25.1,5.6,8.1
Jaxson Hayes,Los Angeles Lakers,Basketball,2000-05-23,"Norman, Oklahoma",True,M,211.0,220.0,17,Western Conference,Pacific,124,0.6,0.6,-6.34,12.1,4.1,2.9,0.5
Rui Hachimura,Los Angeles Lakers,Basketball,1998-02-08,"Toyama, Japan",True,M,202.99999999999997,230.0,17,Western Conference,Pacific,124,0.6,0.3,-1.58,26.5,13.3,4.1,1.2
Paolo Banchero,Orlando Magic,Basketball,2002-11-12,"Seattle, Washington",True,M,208.0,250.0,12,Eastern Conference,Southeast,124,0.6,0.2,-0.92,34.9,22.5,6.8,5.3
Robert Covington,Philadelphia 76ers,Basketball,1990-12-14,"Bellwood, Illinois",True,M,200.99999999999997,209.0,13,Eastern Conference,Atlantic,132,0.5,0.8,-5.41,16.8,4.4,3.3,0.8
Malcolm Brogdon,Portland Trail Blazers,Basketball,1992-12-11,"Atlanta, Georgia",True,M,196.0,229.0,29,Western Conference,Northwest,132,0.5,0.4,-4.68,28.7,15.7,3.8,5.5
Chris Boucher,Toronto Raptors,Basketball,1993-01-11,"Castries, Saint Lucia",True,M,206.0,200.0,23,Eastern Conference,Atlantic,132,0.5,0.5,-6.03,14.1,6.4,4.1,0.5
Isaiah Joe,Oklahoma City Thunder,Basketball,1999-07-02,"Fort Smith, Arkansas, U.S.",True,M,193.0,165.0,3,Western Conference,Northwest,132,0.5,0.3,-2.90,18.7,8.3,2.3,1.2
Tari Eason,Houston Rockets,Basketball,2001-05-10,"Portsmouth, Virginia, U.S.",True,M,202.99999999999997,217.0,18,Western Conference,Southwest,132,0.5,0.9,-6.37,21.8,9.8,7.0,1.2
Josh Minott,Minnesota Timberwolves,Basketball,2002-11-25,"Boca Raton, Florida, U.S.",True,M,202.99999999999997,205.0,2,Western Conference,Northwest,132,0.5,4.7,-8.24,2.9,1.5,0.6,0.3
Leonard Miller,Minnesota Timberwolves,Basketball,2003-11-26,"Scarborough, Ontario, Canada",True,M,208.0,210.0,2,Western Conference,Northwest,132,0.5,9.2,-8.52,3.2,1.8,1.1,0.5
Brandon Clarke,Memphis Grizzlies,Basketball,1996-09-19,"Vancouver, British Columbia",True,M,202.99999999999997,215.0,25,Western Conference,Southwest,139,0.4,3.3,-8.99,21.0,12.0,5.8,1.8
Javonte Green,Chicago Bulls,Basketball,1993-07-23,"Petersburg, Virginia, U.S.",True,M,193.0,205.0,20,Eastern Conference,Central,139,0.4,3.3,-9.31,21.0,10.0,6.0,0.8
Gui Santos,Golden State Warriors,Basketball,2002-06-22,"Brasília, Brazil",True,M,198.0,220.0,15,Western Conference,Pacific,139,0.4,1.9,-8.06,7.9,3.4,2.2,0.6
Thaddeus Young,Phoenix Suns,Basketball,1988-06-21,"New Orleans, Louisiana",True,M,202.99999999999997,235.0,10,Western Conference,Pacific,144,0.3,0.7,-6.85,13.7,4.4,3.3,1.8
Alex Len,Sacramento Kings,Basketball,1993-06-16,"Antratsyt, Ukraine",True,M,213.0,250.0,19,Western Conference,Pacific,144,0.3,0.6,-4.89,9.2,2.7,2.7,0.9
Gary Payton II,Golden State Warriors,Basketball,1992-12-01,"Seattle, Washington",True,M,191.0,190.0,15,Western Conference,Pacific,144,0.3,0.4,-6.19,15.5,5.4,2.6,1.1
Kenrich Williams,Oklahoma City Thunder,Basketball,1994-12-02,"Waco, Texas",True,M,198.0,210.0,3,Western Conference,Northwest,144,0.3,0.3,-2.40,14.8,4.7,3.0,1.3
Luka Garza,Minnesota Timberwolves,Basketball,1998-12-27,"Washington, D.C., U.S.",True,M,211.0,235.0,2,Western Conference,Northwest,144,0.3,2.3,-6.47,5.1,4.1,1.2,0.2
Charles Bassey,San Antonio Spurs,Basketball,2000-10-28,"Lagos, Nigeria",True,M,211.0,235.0,26,Western Conference,Southwest,144,0.3,1.1,-5.36,10.8,3.3,4.0,1.1
Sandro Mamukelashvili,San Antonio Spurs,Basketball,1999-05-23,"New York, U.S.",True,M,206.0,240.0,26,Western Conference,Southwest,144,0.3,0.6,-5.25,7.8,3.3,2.3,0.9
Olivier Sarr,Oklahoma City Thunder,Basketball,1999-02-20,"Niort, France",True,M,208.0,240.0,3,Western Conference,Northwest,144,0.3,2.5,-6.51,6.8,2.4,2.5,0.1
D'Angelo Russell,Los Angeles Lakers,Basketball,1996-02-23,"Louisville, Kentucky",True,M,193.0,193.0,17,Western Conference,Pacific,152,0.2,0.1,2.11,32.5,18.2,3.1,6.3
Daniel Theis,Los Angeles Clippers,Basketball,1992-04-04,"Salzgitter, Germany",True,M,202.99999999999997,245.0,6,Western Conference,Pacific,152,0.2,0.2,-4.90,16.6,6.0,3.9,1.0
Nate Hinton,Houston Rockets,Basketball,1999-06-08,"Gastonia, North Carolina, U.S.",True,M,196.0,210.0,18,Western Conference,Southwest,152,0.2,3.2,-9.58,4.9,2.6,1.3,0.5
Moses Moody,Golden State Warriors,Basketball,2002-05-31,"Little Rock, Arkansas, U.S.",True,M,198.0,205.0,15,Western Conference,Pacific,152,0.2,0.1,-4.62,17.6,8.2,3.0,0.8
Jeff Dowtin,Philadelphia 76ers,Basketball,1997-05-10,"Upper Marlboro, Maryland",True,M,191.0,177.0,13,Eastern Conference,Atlantic,152,0.2,1.7,-9.32,12.3,4.4,1.6,2.4
Ryan Rollins,Milwaukee Bucks,Basketball,2002-07-03,"Detroit, Michigan, U.S.",True,M,191.0,180.0,7,Eastern Conference,Central,152,0.2,1.9,-9.38,6.6,4.1,1.1,1.1
JD Davison,Boston Celtics,Basketball,2002-10-03,"Montgomery, Alabama, U.S.",True,M,191.0,195.0,1,Eastern Conference,Atlantic,152,0.2,14.0,-9.75,1.8,1.3,0.5,0.2
Orlando Robinson,Miami Heat,Basketball,2000-07-10,"Las Vegas, Nevada, U.S.",True,M,208.0,235.0,14,Eastern Conference,Southeast,152,0.2,0.6,-5.62,9.1,3.0,2.5,1.0
Oscar Tshiebwe,Indiana Pacers,Basketball,1999-11-27,"Lubumbashi, DR Congo",True,M,202.99999999999997,260.0,16,Eastern Conference,Central,152,0.2,4.4,-9.20,5.3,3.3,2.0,0.3
Adama Sanogo,Chicago Bulls,Basketball,2002-02-12,"Bamako, Mali",True,M,206.0,245.0,20,Eastern Conference,Central,152,0.2,8.5,-6.83,2.8,2.0,1.6,0.0
Tristan Thompson,Cleveland Cavaliers,Basketball,1991-03-13,"Toronto, Ontario",True,M,206.0,254.0,9,Eastern Conference,Central,166,0.1,0.2,-6.10,11.4,3.3,3.6,1.1
Dylan Windler,Atlanta Hawks,Basketball,1996-09-22,"Indianapolis, Indiana, U.S.",True,M,198.0,196.0,21,Eastern Conference,Southeast,166,0.1,1.0,-9.54,5.1,1.9,0.8,0.6
Bruno Fernando,Atlanta Hawks,Basketball,1998-08-15,"Luanda, Angola",True,M,206.0,240.0,21,Eastern Conference,Southeast,166,0.1,0.1,-6.72,14.4,5.8,4.3,1.0
Cole Anthony,Orlando Magic,Basketball,2000-05-15,"Portland, Oregon, U.S.",True,M,188.0,185.0,12,Eastern Conference,Southeast,166,0.1,0.1,-1.69,22.7,11.7,3.9,3.0
Scottie Barnes,Toronto Raptors,Basketball,2001-08-01,"West Palm Beach, Florida",True,M,206.0,227.0,23,Eastern Conference,Atlantic,166,0.1,0.1,3.59,34.9,19.9,8.2,6.1
Jalen Suggs,Orlando Magic,Basketball,2001-06-03,"Saint Paul, Minnesota, U.S.",True,M,193.0,205.0,12,Eastern Conference,Southeast,166,0.1,0.0,0.01,26.8,12.3,3.1,2.7
Jay Huff,Denver Nuggets,Basketball,1997-08-25,"Durham, North Carolina, U.S.",True,M,216.0,240.0,5,Western Conference,Northwest,166,0.1,2.3,-6.64,2.6,1.1,0.6,0.1
Braxton Key,Denver Nuggets,Basketball,1997-02-14,"Charlotte, North Carolina, U.S.",True,M,202.99999999999997,225.0,5,Western Conference,Northwest,166,0.1,1.3,-8.66,3.1,1.1,0.8,0.5
Dominick Barlow,San Antonio Spurs,Basketball,2003-05-26,"Hackensack, New Jersey, U.S.",True,M,206.0,215.0,26,Western Conference,Southwest,166,0.1,0.2,-7.06,12.7,4.4,3.4,1.1
Jordan Ford,Sacramento Kings,Basketball,1998-05-26,"Citrus Heights, California, U.S.",True,M,185.0,175.0,19,Western Conference,Pacific,166,0.1,2.1,-9.76,3.7,2.0,0.3,0.3
Craig Porter Jr.,Cleveland Cavaliers,Basketball,2000-02-26,"Terre Haute, Indiana, U.S.",True,M,185.0,185.0,9,Eastern Conference,Central,166,0.1,0.2,-7.14,13.3,5.9,2.2,2.4
Jacob Toppin,New York Knicks,Basketball,2000-05-08,"Brooklyn, New York, U.S.",True,M,202.99999999999997,200.0,8,Eastern Conference,Atlantic,166,0.1,1.5,-8.76,4.2,1.4,0.8,0.3
Drew Peterson,Boston Celtics,Basketball,1999-11-09,"Libertyville, Illinois, U.S.",True,M,206.0,205.0,1,Eastern Conference,Atlantic,166,0.1,22.4,-9.44,3.0,3.0,0.0,1.0
JaVale McGee,Sacramento Kings,Basketball,1988-01-19,"Flint, Michigan",True,M,213.0,270.0,19,Western Conference,Pacific,181,0.0,0.0,-5.39,7.5,4.0,2.7,0.3
Cody Zeller,New Orleans Pelicans,Basketball,1992-10-05,"Washington, Indiana",True,M,211.0,240.0,4,Western Conference,Southwest,181,0.0,0.1,-6.10,7.6,1.9,2.7,0.9
Richaun Holmes,Washington Wizards,Basketball,1993-10-15,"Lockport, Illinois",True,M,208.0,235.0,28,Eastern Conference,Southeast,181,0.0,-0.1,-7.12,13.9,5.0,4.6,0.6
Ben Simmons,Brooklyn Nets,Basketball,1996-07-20,"Melbourne, Victoria",True,M,211.0,240.0,22,Eastern Conference,Atlantic,181,0.0,0.1,-7.34,23.9,6.1,7.9,5.7
Marques Bolden,Charlotte Hornets,Basketball,1998-04-17,"Dallas, Texas, U.S.",True,M,208.0,249.0,30,Eastern Conference,Southeast,181,0.0,-0.4,-6.68,7.9,2.1,2.7,0.0
Precious Achiuwa,New York Knicks,Basketball,1999-09-19,"Port Harcourt, Nigeria",True,M,202.99999999999997,225.0,8,Eastern Conference,Atlantic,181,0.0,0.0,-2.92,22.5,7.9,6.8,1.4
Mason Jones,Sacramento Kings,Basketball,1998-07-21,"Dallas, Texas, U.S.",True,M,193.0,200.0,19,Western Conference,Pacific,181,0.0,-1.1,-9.90,5.5,1.8,1.3,1.3
Keon Johnson,Brooklyn Nets,Basketball,2002-03-10,"Shelbyville, Tennessee, U.S.",True,M,196.0,186.0,22,Eastern Conference,Atlantic,181,0.0,0.1,-9.61,12.8,7.0,1.3,0.8
Usman Garuba,Golden State Warriors,Basketball,2002-03-09,"Madrid, Spain",True,M,202.99999999999997,220.0,15,Western Conference,Pacific,181,0.0,-1.9,-9.43,2.7,0.0,0.3,0.3
Lindy Waters III,Oklahoma City Thunder,Basketball,1997-07-28,"Oklahoma City, Oklahoma, U.S.",True,M,198.0,210.0,3,Western Conference,Northwest,181,0.0,0.1,-8.78,6.9,2.9,1.1,0.6
Jaylin Williams,Oklahoma City Thunder,Basketball,2002-06-29,"Fort Smith, Arkansas, U.S.",True,M,206.0,240.0,3,Western Conference,Northwest,181,0.0,0.0,-5.17,12.9,3.8,3.3,1.5
Kevon Harris,Orlando Magic,Basketball,1997-06-24,"Ellenwood, Georgia, U.S.",True,M,196.0,216.0,12,Eastern Conference,Southeast,181,0.0,-1.9,-9.96,3.0,2.0,1.0,0.5
Quenton Jackson,Indiana Pacers,Basketball,1998-09-15,"Los Angeles, California, U.S.",True,M,196.0,173.0,16,Eastern Conference,Central,181,0.0,-2.8,-9.86,2.0,0.0,1.0,0.0
Victor Wembanyama,San Antonio Spurs,Basketball,2004-01-04,"Le Chesnay, France",True,M,224.00000000000003,210.0,26,Western Conference,Southwest,181,0.0,0.0,10.32,29.4,21.1,10.6,3.8
Jordan Miller,Los Angeles Clippers,Basketball,2000-01-23,"Anaheim, California, U.S.",True,M,196.0,194.0,6,Western Conference,Pacific,181,0.0,0.4,-8.83,3.5,1.6,0.6,0.0
Terquavion Smith,Philadelphia 76ers,Basketball,2002-12-31,"Greenville, North Carolina, U.S.",True,M,193.0,160.0,13,Eastern Conference,Atlantic,181,0.0,0.5,-9.32,5.8,3.8,0.2,0.8
Pat Spencer,Golden State Warriors,Basketball,1996-07-04,"North Wales, Pennsylvania, U.S.",True,M,191.0,205.0,15,Western Conference,Pacific,181,0.0,3.0,-9.84,2.0,0.7,0.0,0.7
Henri Drell,Chicago Bulls,Basketball,2000-04-25,"Tallinn, Estonia",True,M,205.74,187.0,20,Eastern Conference,Central,181,0.0,9.7,-8.90,3.0,2.0,1.0,2.0
Danilo Gallinari,Milwaukee Bucks,Basketball,1988-08-08,"Sant´Angelo Lodigiano, Italy",True,M,208.0,233.0,7,Eastern Conference,Central,209,-0.1,-0.1,-6.19,12.7,5.6,2.2,1.1
Isaiah Thomas,Phoenix Suns,Basketball,1989-02-07,"Tacoma, Washington",True,M,175.0,185.0,10,Western Conference,Pacific,209,-0.1,-4.2,-9.84,3.5,1.3,0.0,0.5
Draymond Green,Golden State Warriors,Basketball,1990-03-04,"Saginaw, Michigan",True,M,198.0,230.0,15,Western Conference,Pacific,209,-0.1,-0.1,-1.58,26.9,8.8,7.3,5.9
Devonte' Graham,San Antonio Spurs,Basketball,1995-02-22,"Raleigh, North Carolina",True,M,185.0,195.0,26,Western Conference,Southwest,209,-0.1,-0.4,-8.81,10.3,4.3,1.4,1.7
Ty Jerome,Cleveland Cavaliers,Basketball,1997-07-07,"New York City, New York, U.S.",True,M,196.0,195.0,9,Eastern Conference,Central,209,-0.1,-2.8,-9.85,7.5,2.0,0.5,1.5
Udoka Azubuike,Phoenix Suns,Basketball,1999-09-17,"Lagos, Nigeria",True,M,208.0,280.0,10,Western Conference,Pacific,209,-0.1,-0.6,-6.85,7.1,2.2,2.0,0.2
Saben Lee,Phoenix Suns,Basketball,1999-06-23,"St. Louis, Missouri, U.S.",True,M,188.0,183.0,10,Western Conference,Pacific,209,-0.1,-0.4,-9.28,8.1,3.1,1.4,1.4
Jalen Johnson,Atlanta Hawks,Basketball,2001-12-18,"Wausau, Wisconsin",True,M,206.0,220.0,21,Eastern Conference,Southeast,209,-0.1,0.0,0.82,33.9,16.0,8.8,3.6
Jason Preston,Utah Jazz,Basketball,1999-08-10,"Coral Springs, Florida, U.S.",True,M,193.0,187.0,24,Western Conference,Northwest,209,-0.1,-1.6,-9.65,9.4,2.0,2.2,2.6
Wendell Moore Jr.,Minnesota Timberwolves,Basketball,2001-09-18,"Richmond, Virginia, U.S.",True,M,196.0,215.0,2,Western Conference,Northwest,209,-0.1,-1.7,-8.59,3.1,0.7,0.5,0.2
Kendall Brown,Indiana Pacers,Basketball,2003-05-11,"Cottage Grove, Minnesota, U.S.",True,M,200.99999999999997,205.0,16,Eastern Conference,Central,209,-0.1,-1.5,-8.93,3.8,1.3,0.3,0.3
Dereon Seabron,New Orleans Pelicans,Basketball,2000-05-26,"Norfolk, Virginia, U.S.",True,M,196.0,180.0,4,Western Conference,Southwest,209,-0.1,-1.1,-9.76,9.2,2.3,1.2,0.8
Noah Clowney,Brooklyn Nets,Basketball,2004-07-14,"Spartanburg, South Carolina, U.S.",True,M,208.0,210.0,22,Eastern Conference,Atlantic,209,-0.1,-0.4,-8.75,11.3,4.1,2.7,0.7
Jordan Walsh,Boston Celtics,Basketball,2004-03-03,"Dallas, Texas, U.S.",True,M,200.99999999999997,205.0,1,Eastern Conference,Atlantic,209,-0.1,-2.2,-8.75,6.6,0.9,2.0,0.6
Mouhamed Gueye,Atlanta Hawks,Basketball,2002-11-09,"Dakar, Senegal",True,M,211.0,210.0,21,Eastern Conference,Southeast,209,-0.1,-10.6,-6.87,2.0,0.0,0.0,0.0
Jalen Slawson,Sacramento Kings,Basketball,1999-10-22,"Charleston, South Carolina, U.S.",True,M,200.99999999999997,215.0,19,Western Conference,Pacific,209,-0.1,-3.1,-8.81,3.3,0.6,0.7,0.2
Isaiah Wong,Indiana Pacers,Basketball,2001-01-28,"Piscataway, New Jersey, U.S.",True,M,191.0,185.0,16,Eastern Conference,Central,209,-0.1,-15.2,-9.87,4.0,2.0,0.0,0.0
Colin Castleton,Los Angeles Lakers,Basketball,2000-05-25,"Pembroke Pines, Florida, U.S.",True,M,208.0,250.0,17,Western Conference,Pacific,209,-0.1,-0.9,-6.71,4.3,1.5,0.8,0.3
Jalen Crutcher,New Orleans Pelicans,Basketball,1999-07-18,"Memphis, Tennessee, U.S.",True,M,185.0,175.0,4,Western Conference,Southwest,209,-0.1,-19.2,-9.88,3.0,0.0,0.0,0.0
Andrew Funk,Chicago Bulls,Basketball,1999-09-21,"Warrington, Pennsylvania, U.S.",True,M,196.0,200.0,20,Eastern Conference,Central,209,-0.1,-20.0,-9.99,1.5,0.0,0.0,0.0
James Johnson,Indiana Pacers,Basketball,1987-02-20,"Cheyenne, Wyoming",True,M,200.99999999999997,240.0,16,Eastern Conference,Central,239,-0.2,-4.1,-8.65,5.0,1.0,0.5,0.9
Terry Rozier,Miami Heat,Basketball,1994-03-17,"Youngstown, Ohio",True,M,185.0,190.0,14,Eastern Conference,Southeast,239,-0.2,-0.1,0.95,33.7,20.0,4.1,5.6
Alex Caruso,Chicago Bulls,Basketball,1994-02-28,"College Station, Texas",True,M,193.0,186.0,20,Eastern Conference,Central,239,-0.2,-0.1,1.92,28.4,10.0,3.8,3.3
Haywood Highsmith,Miami Heat,Basketball,1996-12-09,"Baltimore, Maryland",True,M,198.0,220.0,14,Eastern Conference,Southeast,239,-0.2,-0.1,-3.00,20.3,6.2,3.0,1.0
Cameron Johnson,Brooklyn Nets,Basketball,1996-03-03,"Moon Township, Pennsylvania, USA",True,M,202.99999999999997,210.0,22,Eastern Conference,Atlantic,239,-0.2,-0.1,-1.39,27.6,13.4,4.4,2.4
LaMelo Ball,Charlotte Hornets,Basketball,2001-08-22,"Chino Hills, California",True,M,200.99999999999997,180.0,30,Eastern Conference,Southeast,239,-0.2,-0.2,-5.11,32.3,23.9,5.1,8.0
Josh Giddey,Oklahoma City Thunder,Basketball,2002-10-10,"Melbourne, Victoria, Australia",True,M,202.99999999999997,210.0,3,Western Conference,Northwest,239,-0.2,-0.1,-0.64,25.1,12.3,6.3,4.7
Justin Champagnie,Washington Wizards,Basketball,2001-06-29,"Brooklyn, New York, U.S.",True,M,198.0,200.0,28,Eastern Conference,Southeast,239,-0.2,-1.0,-7.92,15.3,6.3,3.4,1.3
Ish Wainright,Phoenix Suns,Basketball,1994-09-12,"Kansas City, Missouri, U.S.",True,M,198.0,250.0,10,Western Conference,Pacific,239,-0.2,-2.7,-8.56,6.1,2.3,1.4,0.1
Daishen Nix,Minnesota Timberwolves,Basketball,2002-02-13,"Fairbanks, Alaska, U.S.",True,M,196.0,224.0,2,Western Conference,Northwest,239,-0.2,-3.6,-9.71,3.5,1.7,0.2,0.4
Isaiah Mobley,Cleveland Cavaliers,Basketball,1999-09-24,"San Diego, California, U.S.",True,M,202.99999999999997,238.0,9,Eastern Conference,Central,239,-0.2,-2.7,-9.34,7.4,1.7,0.9,0.9
Buddy Boeheim,Detroit Pistons,Basketball,1999-11-11,"Fayetteville, New York, U.S.",True,M,196.0,205.0,27,Eastern Conference,Central,239,-0.2,-2.1,-9.63,9.3,4.2,1.3,0.5
Jamal Cain,Miami Heat,Basketball,1999-03-20,"Pontiac, Michigan, U.S.",True,M,198.0,191.0,14,Eastern Conference,Southeast,239,-0.2,-0.7,-7.87,11.1,4.2,1.6,0.4
Alondes Williams,Miami Heat,Basketball,1999-06-19,"Milwaukee, Wisconsin, U.S.",True,M,193.0,210.0,14,Eastern Conference,Southeast,239,-0.2,-13.1,-9.99,2.8,0.8,0.3,0.0
Dariq Whitehead,Brooklyn Nets,Basketball,2004-08-01,"Newark, New Jersey, U.S.",True,M,200.99999999999997,220.0,22,Eastern Conference,Atlantic,239,-0.2,-5.5,-8.91,12.0,1.5,2.0,1.5
Hunter Tyson,Denver Nuggets,Basketball,2000-06-13,"Monroe, North Carolina, U.S.",True,M,202.99999999999997,215.0,5,Western Conference,Northwest,239,-0.2,-3.4,-8.82,2.9,1.3,0.6,0.1
Alex Fudge,Dallas Mavericks,Basketball,2003-05-06,"Lauderhill, Florida, U.S.",True,M,202.99999999999997,200.0,11,Western Conference,Southwest,239,-0.2,-11.7,-8.94,3.5,1.0,0.5,0.0
D'Moi Hodge,Los Angeles Lakers,Basketball,1998-12-20,"Tortola, British Virgin Islands",True,M,191.0,185.0,17,Western Conference,Pacific,239,-0.2,-4.7,-9.89,5.9,2.0,0.0,0.7
Pete Nance,Cleveland Cavaliers,Basketball,2000-02-19,"Akron, Ohio, U.S.",True,M,208.0,225.0,9,Eastern Conference,Central,239,-0.2,-14.1,-9.60,2.4,0.0,0.4,0.0
Adam Flagler,Oklahoma City Thunder,Basketball,1999-12-01,"Duluth, Georgia, U.S.",True,M,191.0,180.0,3,Western Conference,Northwest,239,-0.2,-21.5,-10.00,6.0,0.0,0.0,1.0
Tyus Jones,Washington Wizards,Basketball,1996-05-10,"Burnsville, Minnesota",True,M,183.0,196.0,28,Eastern Conference,Southeast,262,-0.3,-0.1,1.02,29.3,12.0,2.7,7.3
Dean Wade,Cleveland Cavaliers,Basketball,1996-11-20,"Wichita, Kansas",True,M,206.0,228.0,9,Eastern Conference,Central,262,-0.3,-0.2,-4.09,20.5,5.4,4.0,0.8
Joshua Primo,Los Angeles Clippers,Basketball,2002-12-24,"Toronto, Ontario, Canada",True,M,198.0,190.0,6,Western Conference,Pacific,262,-0.3,-23.7,-10.03,5.0,1.0,0.5,0.0
Jeremiah Robinson-Earl,New Orleans Pelicans,Basketball,2000-11-03,"Kansas City, Kansas, U.S.",True,M,206.0,230.0,4,Western Conference,Southwest,262,-0.3,-0.8,-8.17,9.4,3.2,2.1,0.6
Jericho Sims,New York Knicks,Basketball,1998-10-20,"Minneapolis, Minnesota",True,M,208.0,245.0,8,Eastern Conference,Atlantic,262,-0.3,-0.4,-7.65,12.8,2.0,3.3,0.5
Micah Potter,Utah Jazz,Basketball,1998-04-06,"Mentor, Ohio, U.S.",True,M,202.99999999999997,248.0,24,Western Conference,Northwest,262,-0.3,-1.5,-8.86,10.5,2.8,2.2,0.2
TyTy Washington Jr.,Milwaukee Bucks,Basketball,2001-11-15,"Phoenix, Arizona, U.S.",True,M,191.0,195.0,7,Eastern Conference,Central,262,-0.3,-8.4,-9.79,5.0,1.0,0.5,0.2
Scotty Pippen Jr.,Memphis Grizzlies,Basketball,2000-11-10,"Portland, Oregon",True,M,185.0,180.0,25,Western Conference,Southwest,262,-0.3,-0.5,-7.93,23.4,10.8,2.9,4.3
Keon Ellis,Sacramento Kings,Basketball,2000-01-08,"Eustis, Florida, U.S.",True,M,191.0,175.0,19,Western Conference,Pacific,262,-0.3,-0.3,-5.40,16.2,4.7,2.1,1.5
Stanley Umude,Detroit Pistons,Basketball,1999-04-12,"Portland, Oregon, U.S.",True,M,198.0,210.0,27,Eastern Conference,Central,262,-0.3,-0.8,-8.43,12.8,5.3,2.1,0.5
Jett Howard,Orlando Magic,Basketball,2003-09-14,"Chicago, Illinois, U.S.",True,M,198.0,215.0,12,Eastern Conference,Southeast,262,-0.3,-4.5,-8.90,3.7,1.6,0.4,0.2
Duop Reath,Portland Trail Blazers,Basketball,1996-06-26,"Waat, Sudan",True,M,206.0,245.0,29,Western Conference,Northwest,262,-0.3,-0.2,-1.46,17.9,9.1,3.6,1.0
Gary Harris,Orlando Magic,Basketball,1994-09-14,"Fishers, Indiana",True,M,193.0,210.0,12,Eastern Conference,Southeast,280,-0.4,-0.3,-5.29,23.5,7.2,1.7,1.6
Sviatoslav Mykhailiuk,Boston Celtics,Basketball,1997-06-10,"Cherkasy, Ukraine",True,M,202.99999999999997,205.0,1,Eastern Conference,Atlantic,280,-0.4,-1.1,-8.88,8.6,3.0,1.1,0.7
Nickeil Alexander-Walker,Minnesota Timberwolves,Basketball,1998-09-02,"Toronto, Ontario",True,M,198.0,205.0,2,Western Conference,Northwest,280,-0.4,-0.2,-2.24,23.4,7.8,2.1,2.5
Admiral Schofield,Orlando Magic,Basketball,1997-03-30,"London, England",True,M,196.0,241.0,12,Eastern Conference,Southeast,280,-0.4,-4.2,-8.86,3.8,1.1,0.7,0.3
DaQuan Jeffries,New York Knicks,Basketball,1997-08-30,"Edmond, Oklahoma, U.S.",True,M,196.0,222.0,8,Eastern Conference,Atlantic,280,-0.4,-7.2,-10.03,2.7,0.8,0.3,0.3
Charlie Brown Jr.,New York Knicks,Basketball,1997-02-02,"Philadelphia, Pennsylvania, U.S.",True,M,198.0,199.0,8,Eastern Conference,Atlantic,280,-0.4,-9.2,-9.96,4.6,0.8,0.3,0.0
Xavier Moon,Los Angeles Clippers,Basketball,1995-01-02,"Goodwater, Alabama, U.S.",True,M,183.0,165.0,6,Western Conference,Pacific,280,-0.4,-7.5,-9.96,3.9,1.1,0.6,0.7
Jalen Pickett,Denver Nuggets,Basketball,1999-10-22,"Rochester, New York, U.S.",True,M,188.0,202.0,5,Western Conference,Northwest,280,-0.4,-2.6,-9.65,4.8,1.6,0.5,0.8
Amari Bailey,Charlotte Hornets,Basketball,2004-02-17,"New Orleans, Louisiana, U.S.",True,M,196.0,185.0,30,Eastern Conference,Southeast,280,-0.4,-11.0,-10.01,3.9,0.9,0.3,0.3
Sidy Cissoko,San Antonio Spurs,Basketball,2004-04-02,"Saint-Maurice, France",True,M,202.99999999999997,200.0,26,Western Conference,Southwest,280,-0.4,-7.0,-8.76,5.4,0.8,0.9,0.0
Chris Livingston,Milwaukee Bucks,Basketball,2003-10-15,"Akron, Ohio, U.S.",True,M,198.0,220.0,7,Eastern Conference,Central,280,-0.4,-3.8,-8.71,4.2,1.1,0.9,0.3
Collin Gillespie,Denver Nuggets,Basketball,1999-06-25,"Philadelphia, Pennsylvania, U.S.",True,M,191.0,,5,Western Conference,Northwest,280,-0.4,-1.3,-8.89,9.4,3.6,0.9,1.1
Jules Bernard,Washington Wizards,Basketball,2000-01-21,"Los Angeles, California, U.S.",True,M,198.0,210.0,28,Eastern Conference,Southeast,280,-0.4,-2.9,-9.69,7.1,3.4,1.0,0.8
Trey Jemison,Memphis Grizzlies,Basketball,1999-11-28,"Birmingham, Alabama, U.S.",True,M,208.0,260.0,25,Western Conference,Southwest,280,-0.4,-0.8,-5.16,20.0,6.8,4.7,0.9
Cameron Payne,Philadelphia 76ers,Basketball,1994-08-08,"Memphis, Tennessee, U.S.",True,M,185.0,183.0,13,Eastern Conference,Atlantic,301,-0.5,-0.3,-4.29,16.5,7.6,1.5,2.6
Dejounte Murray,Atlanta Hawks,Basketball,1996-09-19,"Seattle, Washington",True,M,193.0,180.0,21,Eastern Conference,Southeast,301,-0.5,-0.1,4.31,35.6,22.5,5.3,6.4
Luke Kennard,Memphis Grizzlies,Basketball,1996-06-24,"Middletown, Ohio",True,M,196.0,206.0,25,Western Conference,Southwest,301,-0.5,-0.4,-5.59,25.6,11.0,2.9,3.5
De'Anthony Melton,Philadelphia 76ers,Basketball,1998-05-28,"North Hollywood, California",True,M,188.0,200.0,13,Eastern Conference,Atlantic,301,-0.5,-0.4,-4.18,27.8,11.5,3.8,3.1
James Wiseman,Detroit Pistons,Basketball,2001-03-31,"Nashville, Tennessee",True,M,213.0,240.0,27,Eastern Conference,Central,301,-0.5,-0.4,-3.28,16.4,6.9,5.0,0.8
Zeke Nnaji,Denver Nuggets,Basketball,2001-01-09,"Minneapolis, Minnesota, U.S.",True,M,206.0,240.0,5,Western Conference,Northwest,301,-0.5,-0.7,-7.39,9.8,3.2,2.1,0.6
Jahmi'us Ramsey,Toronto Raptors,Basketball,2001-06-09,"Arlington, Texas, U.S.",True,M,191.0,190.0,23,Eastern Conference,Atlantic,301,-0.5,-3.2,-9.41,17.3,6.7,3.1,1.1
Kessler Edwards,Sacramento Kings,Basketball,2000-08-09,"Glendale, California, U.S.",True,M,202.99999999999997,215.0,19,Western Conference,Pacific,301,-0.5,-1.4,-7.88,5.1,1.7,0.8,0.3
Eugene Omoruyi,Washington Wizards,Basketball,1997-02-14,"Benin City, Nigeria",True,M,198.0,235.0,28,Eastern Conference,Southeast,301,-0.5,-1.1,-7.27,8.3,4.2,2.1,0.7
Trevelin Queen,Orlando Magic,Basketball,1997-02-25,"Baltimore, Maryland, U.S.",True,M,198.0,190.0,12,Eastern Conference,Southeast,301,-0.5,-2.1,-9.27,12.5,3.1,1.5,1.4
Terry Taylor,Chicago Bulls,Basketball,1999-09-23,"Bowling Green, Kentucky, USA",True,M,196.0,230.0,20,Eastern Conference,Central,301,-0.5,-1.9,-8.31,6.1,1.5,1.2,0.3
Jared Rhoden,Detroit Pistons,Basketball,1999-08-27,"Baldwin, New York, U.S.",True,M,196.0,210.0,27,Eastern Conference,Central,301,-0.5,-2.7,-9.02,11.1,3.3,1.5,0.8
Cam Whitmore,Houston Rockets,Basketball,2004-07-08,"Odenton, Maryland, U.S.",True,M,200.99999999999997,230.0,18,Western Conference,Southwest,301,-0.5,-0.5,-5.78,18.3,12.3,3.8,0.5
Seth Lundy,Atlanta Hawks,Basketball,2000-04-02,"Paulsboro, New Jersey, U.S.",True,M,198.0,220.0,21,Eastern Conference,Southeast,301,-0.5,-7.9,-9.98,5.2,1.4,0.7,0.0
Kobe Bufkin,Atlanta Hawks,Basketball,2003-09-21,"Grand Rapids, Michigan, U.S.",True,M,196.0,195.0,21,Eastern Conference,Southeast,301,-0.5,-3.0,-9.37,10.9,4.5,1.7,1.7
Malik Williams,Toronto Raptors,Basketball,1998-08-26,"Fort Wayne, Indiana, U.S.",True,M,211.0,250.0,23,Eastern Conference,Atlantic,301,-0.5,-11.7,-6.83,16.5,0.0,2.5,0.5
Chimezie Metu,Detroit Pistons,Basketball,1997-03-22,"Los Angeles, California",True,M,206.0,225.0,27,Eastern Conference,Central,319,-0.6,-0.7,-5.55,14.8,5.7,3.4,0.8
Moses Brown,Portland Trail Blazers,Basketball,1999-10-13,"New York City, New York, U.S.",True,M,218.00000000000003,245.0,29,Western Conference,Northwest,319,-0.6,-2.7,-7.04,8.5,2.9,3.5,0.4
Tre Jones,San Antonio Spurs,Basketball,2000-01-08,"Apple Valley, Minnesota, U.S.",True,M,185.0,185.0,26,Western Conference,Southwest,319,-0.6,-0.2,0.00,27.3,9.8,3.6,6.1
Naji Marshall,New Orleans Pelicans,Basketball,1998-01-24,"Atlantic City, New Jersey, U.S.",True,M,200.99999999999997,220.0,4,Western Conference,Southwest,319,-0.6,-0.3,-3.32,19.3,7.1,3.7,2.0
Cole Swider,Miami Heat,Basketball,1999-05-08,"Portsmouth, Rhode Island, U.S.",True,M,206.0,220.0,14,Eastern Conference,Southeast,319,-0.6,-5.3,-8.70,5.5,2.8,0.5,0.3
Cason Wallace,Oklahoma City Thunder,Basketball,2003-11-07,"Dallas, Texas, U.S.",True,M,191.0,195.0,3,Western Conference,Northwest,319,-0.6,-0.3,-1.91,20.7,6.9,2.3,1.4
Olivier-Maxence Prosper,Dallas Mavericks,Basketball,2002-07-03,"Montreal, Quebec, Canada",True,M,200.99999999999997,230.0,11,Western Conference,Southwest,319,-0.6,-1.6,-8.89,7.3,2.3,1.8,0.6
Emoni Bates,Cleveland Cavaliers,Basketball,2004-01-28,"Ann Arbor, Michigan, U.S.",True,M,202.99999999999997,170.0,9,Eastern Conference,Central,319,-0.6,-4.5,-8.79,7.8,2.6,0.8,0.5
Keyontae Johnson,Oklahoma City Thunder,Basketball,2000-05-24,"Norfolk, Virginia, U.S.",True,M,193.0,238.0,3,Western Conference,Northwest,319,-0.6,-6.7,-8.89,7.3,1.2,1.1,0.4
Leaky Black,Charlotte Hornets,Basketball,1999-06-14,"Concord, North Carolina, U.S.",True,M,206.0,209.0,30,Eastern Conference,Southeast,319,-0.6,-1.9,-8.11,10.1,2.3,1.7,0.8
Bradley Beal,Phoenix Suns,Basketball,1993-06-28,"St. Louis, Missouri",True,M,193.0,207.0,10,Western Conference,Pacific,335,-0.7,-0.4,-3.06,33.0,17.3,4.2,5.1
Zach LaVine,Chicago Bulls,Basketball,1995-03-10,"Renton, Washington",True,M,196.0,200.0,20,Eastern Conference,Central,335,-0.7,-0.6,-5.89,34.9,19.5,5.2,3.9
Malik Monk,Sacramento Kings,Basketball,1998-02-04,"Jonesboro, Arkansas",True,M,191.0,200.0,19,Western Conference,Pacific,335,-0.7,-0.3,-0.96,26.0,15.4,2.9,5.1
Jerome Robinson,Golden State Warriors,Basketball,1997-02-22,"Raleigh, North Carolina",True,M,196.0,190.0,15,Western Conference,Pacific,335,-0.7,-7.3,-10.02,3.7,1.3,0.3,0.3
DeJon Jarreau,Memphis Grizzlies,Basketball,1998-01-23,"New Orleans, Louisiana, U.S.",True,M,196.0,185.0,25,Western Conference,Southwest,335,-0.7,-3.7,-9.61,16.7,4.8,4.9,2.9
Ibou Badji,Portland Trail Blazers,Basketball,2002-10-13,"Dakar, Senegal",True,M,213.36,240.0,29,Western Conference,Northwest,335,-0.7,-2.6,-6.21,10.3,1.5,2.4,0.6
Jeff Green,Houston Rockets,Basketball,1986-08-28,"Cheverly, Maryland",True,M,202.99999999999997,235.0,18,Western Conference,Southwest,341,-0.8,-0.5,-4.96,16.7,6.4,2.2,0.9
Taj Gibson,Detroit Pistons,Basketball,1985-06-24,"Brooklyn, New York",True,M,206.0,232.0,27,Eastern Conference,Central,341,-0.8,-3.4,-6.45,10.4,1.1,1.8,0.5
Garrett Temple,Toronto Raptors,Basketball,1986-05-08,"Baton Rouge, Louisiana",True,M,196.0,195.0,23,Eastern Conference,Atlantic,341,-0.8,-3.0,-9.02,9.2,2.9,1.4,0.7
Justin Holiday,Denver Nuggets,Basketball,1989-04-05,"Mission Hills, California",True,M,198.0,180.0,5,Western Conference,Northwest,341,-0.8,-0.8,-5.46,14.7,3.9,1.3,1.1
Joe Ingles,Orlando Magic,Basketball,1987-10-02,"Adelaide, South Australia",True,M,202.99999999999997,220.0,12,Eastern Conference,Southeast,341,-0.8,-0.6,-4.48,17.2,4.3,2.0,2.9
Delon Wright,Miami Heat,Basketball,1992-04-26,"Los Angeles, California",True,M,196.0,185.0,14,Eastern Conference,Southeast,341,-0.8,-0.9,-5.85,15.3,4.2,1.8,2.5
Josh Okogie,Phoenix Suns,Basketball,1998-09-01,"Lagos, Nigeria",True,M,193.0,213.0,10,Western Conference,Pacific,341,-0.8,-0.6,-5.95,16.7,4.8,2.7,1.1
Aaron Holiday,Houston Rockets,Basketball,1996-09-30,"Ruston, Louisiana",True,M,183.0,185.0,18,Western Conference,Southwest,341,-0.8,-0.5,-4.52,16.2,6.5,1.6,1.8
Jarred Vanderbilt,Los Angeles Lakers,Basketball,1999-04-03,"Houston, Texas",True,M,206.0,214.0,17,Western Conference,Pacific,341,-0.8,-1.1,-4.27,20.0,5.2,4.8,1.2
Keita Bates-Diop,Brooklyn Nets,Basketball,1996-01-23,"Sacramento, California",True,M,202.99999999999997,229.0,22,Eastern Conference,Atlantic,341,-0.8,-0.9,-5.92,12.5,3.7,2.1,0.7
Nassir Little,Phoenix Suns,Basketball,2000-02-11,"Pensacola, Florida",True,M,196.0,220.0,10,Western Conference,Pacific,341,-0.8,-1.4,-7.16,10.7,3.5,1.8,0.5
Isaac Okoro,Cleveland Cavaliers,Basketball,2001-01-26,"Atlanta, Georgia, U.S.",True,M,196.0,225.0,9,Eastern Conference,Central,341,-0.8,-0.3,-2.49,27.4,9.4,3.0,1.9
Aaron Nesmith,Indiana Pacers,Basketball,1999-10-16,"Charleston, South Carolina, USA",True,M,196.0,215.0,16,Eastern Conference,Central,341,-0.8,-0.3,0.53,27.6,12.2,3.8,1.5
Kenneth Lofton Jr.,Utah Jazz,Basketball,2002-08-14,"Port Arthur, Texas, U.S.",True,M,198.0,275.0,24,Western Conference,Northwest,341,-0.8,-5.4,-9.42,6.7,2.7,1.1,0.8
Colby Jones,Sacramento Kings,Basketball,2002-05-28,"Birmingham, Alabama, U.S.",True,M,198.0,207.0,19,Western Conference,Pacific,341,-0.8,-4.2,-9.67,5.9,1.8,1.3,0.5
Tosan Evbuomwan,Detroit Pistons,Basketball,2001-02-16,"Newcastle, England",True,M,200.99999999999997,217.0,27,Eastern Conference,Central,341,-0.8,-1.7,-7.92,21.6,5.9,3.5,0.9
Markieff Morris,Dallas Mavericks,Basketball,1989-09-02,"Philadelphia, Pennsylvania, USA",True,M,206.0,245.0,11,Western Conference,Southwest,358,-0.9,-4.0,-6.37,7.9,2.5,1.4,0.5
Josh Richardson,Miami Heat,Basketball,1993-09-15,"Edmond, Oklahoma",True,M,196.0,200.0,14,Eastern Conference,Southeast,358,-0.9,-0.6,-4.27,25.7,9.9,2.8,2.4
Thanasis Antetokounmpo,Milwaukee Bucks,Basketball,1992-07-18,"Athens, Greece",True,M,198.0,219.0,7,Eastern Conference,Central,358,-0.9,-5.0,-8.68,4.7,0.9,0.4,0.5
Duncan Robinson,Miami Heat,Basketball,1994-04-22,"York, Maine, USA",True,M,200.99999999999997,215.0,14,Eastern Conference,Southeast,358,-0.9,-0.4,-0.47,28.3,13.1,2.5,2.9
Wenyen Gabriel,Memphis Grizzlies,Basketball,1997-03-26,"Khartoum, Sudan",True,M,206.0,205.0,25,Western Conference,Southwest,358,-0.9,-8.3,-9.59,16.2,3.4,5.0,0.6
Lamar Stevens,Memphis Grizzlies,Basketball,1997-07-09,"Philadelphia, Pennsylvania, U.S.",True,M,198.0,230.0,25,Western Conference,Southwest,358,-0.9,-1.3,-6.93,14.1,6.9,3.3,0.7
Caleb Houstan,Orlando Magic,Basketball,2003-01-09,"Mississauga, Ontario, Canada",True,M,202.99999999999997,205.0,12,Eastern Conference,Southeast,358,-0.9,-0.9,-6.50,14.1,4.4,1.5,0.5
Jacob Gilyard,Brooklyn Nets,Basketball,1998-07-14,"Kansas City, Missouri, U.S.",True,M,173.0,160.0,22,Eastern Conference,Atlantic,358,-0.9,-1.0,-6.72,17.2,4.4,1.1,3.4
Jarace Walker,Indiana Pacers,Basketball,2003-09-04,"Baltimore, Maryland, U.S.",True,M,200.99999999999997,235.0,16,Eastern Conference,Central,358,-0.9,-2.2,-7.74,10.6,3.6,1.9,1.3
Andre Jackson Jr.,Milwaukee Bucks,Basketball,2001-11-13,"Amsterdam, New York, U.S.",True,M,198.0,209.0,7,Eastern Conference,Central,358,-0.9,-1.3,-8.09,10.3,2.3,2.1,0.9
Jalen Wilson,Brooklyn Nets,Basketball,2000-11-04,"Arlington, Texas, U. S.",True,M,202.99999999999997,225.0,22,Eastern Conference,Atlantic,358,-0.9,-1.3,-7.21,13.9,4.5,2.6,1.0
Derrick Rose,Memphis Grizzlies,Basketball,1988-10-04,"Chicago, Illinois",True,M,188.0,200.0,25,Western Conference,Southwest,372,-1.0,-2.0,-8.42,16.6,8.0,1.9,3.3
Reggie Bullock,Houston Rockets,Basketball,1991-03-16,"Baltimore, Maryland",True,M,198.0,205.0,18,Western Conference,Southwest,372,-1.0,-2.1,-7.61,9.4,2.2,1.7,0.3
Gabe Vincent,Los Angeles Lakers,Basketball,1996-06-14,"Modesto, California, USA",True,M,188.0,200.0,17,Western Conference,Pacific,372,-1.0,-4.9,-9.50,22.3,4.1,1.0,2.3
Vit Krejci,Atlanta Hawks,Basketball,2000-06-19,"Strakonice, Czech Republic",True,M,202.99999999999997,195.0,21,Eastern Conference,Southeast,372,-1.0,-1.9,-8.38,24.8,6.4,2.0,2.2
Omer Yurtseven,Utah Jazz,Basketball,1998-06-19,"Tashkent, Uzbekistan",True,M,211.0,275.0,24,Western Conference,Northwest,372,-1.0,-1.8,-5.21,9.9,3.9,3.7,0.5
Dyson Daniels,New Orleans Pelicans,Basketball,2003-03-17,"Bendigo, Victoria, Australia",True,M,200.99999999999997,199.0,4,Western Conference,Southwest,372,-1.0,-0.6,-3.61,22.0,5.8,3.8,2.6
Ousmane Dieng,Oklahoma City Thunder,Basketball,2003-05-21,"Villeneuve-sur-Lot, France",True,M,208.0,220.0,3,Western Conference,Northwest,372,-1.0,-2.3,-7.87,11.0,3.9,1.6,1.1
Trey Lyles,Sacramento Kings,Basketball,1995-11-05,"Saskatoon, Saskatchewan",True,M,206.0,234.0,19,Western Conference,Pacific,381,-1.1,-0.8,-5.80,20.0,7.3,4.3,1.2
RJ Barrett,Toronto Raptors,Basketball,2000-06-16,"Toronto, Ontario",True,M,198.0,214.0,23,Eastern Conference,Atlantic,381,-1.1,-0.5,-3.39,31.6,19.8,5.3,3.3
Garrison Mathews,Atlanta Hawks,Basketball,1996-10-24,"Franklin, Tennessee, U.S.",True,M,196.0,215.0,21,Eastern Conference,Southeast,381,-1.1,-1.0,-6.73,14.4,4.7,1.4,0.5
Jamaree Bouyea,San Antonio Spurs,Basketball,1999-06-27,"Seaside, California, U.S.",True,M,188.0,180.0,26,Western Conference,Southwest,381,-1.1,-14.5,-10.00,9.5,1.7,1.7,1.3
Johnny Juzang,Utah Jazz,Basketball,2001-03-17,"Los Angeles, California, U.S.",True,M,196.0,209.0,24,Western Conference,Northwest,381,-1.1,-3.4,-9.39,16.1,5.5,1.9,0.9
Kobe Brown,Los Angeles Clippers,Basketball,2000-01-01,"Huntsville, Alabama, U.S.",True,M,200.99999999999997,250.0,6,Western Conference,Pacific,381,-1.1,-2.7,-8.06,7.7,1.7,1.3,0.4
Onuralp Bitim,Chicago Bulls,Basketball,1999-03-31,"Kadıköy, Turkey",True,M,198.0,215.0,20,Eastern Conference,Central,381,-1.1,-3.7,-9.42,11.5,3.5,1.5,0.7
Skylar Mays,Los Angeles Lakers,Basketball,1997-09-05,"Baton Rouge, Louisiana",True,M,193.0,205.0,17,Western Conference,Pacific,388,-1.2,-2.3,-8.13,12.2,4.4,1.2,2.4
Vince Williams Jr.,Memphis Grizzlies,Basketball,2000-08-30,"Toledo, Ohio, U.S.",True,M,193.0,205.0,25,Western Conference,Southwest,388,-1.2,-0.7,-3.34,27.6,10.0,5.6,3.4
Javon Freeman-Liberty,Toronto Raptors,Basketball,1999-10-20,"Good Hope, Illinois, U.S.",True,M,191.0,200.0,23,Eastern Conference,Atlantic,388,-1.2,-3.3,-8.85,17.0,6.4,3.1,1.7
Mouhamadou Gueye,Toronto Raptors,Basketball,1998-07-08,"Staten Island, New York, U.S.",True,M,206.0,210.0,23,Eastern Conference,Atlantic,388,-1.2,-9.5,-9.33,9.7,2.3,1.9,0.4
Kira Lewis Jr.,Utah Jazz,Basketball,2001-04-06,"Meridianville, Alabama, U.S.",True,M,185.0,170.0,24,Western Conference,Northwest,393,-1.3,-4.7,-9.27,8.5,2.7,0.8,1.2
Jared Butler,Washington Wizards,Basketball,2000-08-25,"Reserve, Louisiana, U.S.",True,M,191.0,195.0,28,Eastern Conference,Southeast,393,-1.3,-2.2,-7.46,13.0,5.6,1.3,2.9
Brandon Boston Jr.,Los Angeles Clippers,Basketball,2001-11-28,"Norcross, Georgia, U.S.",True,M,200.99999999999997,185.0,6,Western Conference,Pacific,393,-1.3,-4.0,-9.44,8.9,4.3,1.2,0.3
Keegan Murray,Sacramento Kings,Basketball,2000-08-19,"Cedar Rapids, Iowa, U.S.",True,M,202.99999999999997,225.0,19,Western Conference,Pacific,393,-1.3,-0.4,2.49,33.4,15.1,5.4,1.7
Julian Phillips,Chicago Bulls,Basketball,2003-11-05,"Killeen, Texas, U.S.",True,M,202.99999999999997,198.0,20,Eastern Conference,Central,393,-1.3,-3.1,-8.13,8.1,2.2,0.9,0.3
Wesley Matthews,Atlanta Hawks,Basketball,1986-10-14,"San Antonio, Texas",True,M,193.0,220.0,21,Eastern Conference,Southeast,399,-1.4,-2.6,-7.31,11.7,3.1,1.5,0.6
Caris LeVert,Cleveland Cavaliers,Basketball,1994-08-25,"Columbus, Ohio",True,M,198.0,205.0,9,Eastern Conference,Central,399,-1.4,-0.6,-1.76,28.7,13.7,4.1,5.2
Torrey Craig,Chicago Bulls,Basketball,1990-12-19,"Columbia, South Carolina",True,M,200.99999999999997,221.0,20,Eastern Conference,Central,399,-1.4,-1.1,-4.98,19.9,5.9,4.0,1.1
Terance Mann,Los Angeles Clippers,Basketball,1996-10-18,"Brooklyn, New York",True,M,196.0,215.0,6,Western Conference,Pacific,399,-1.4,-0.6,-2.39,25.2,8.5,3.3,1.6
AJ Griffin,Atlanta Hawks,Basketball,2003-08-25,"Dallas, Texas, U.S.",True,M,198.0,220.0,21,Eastern Conference,Southeast,399,-1.4,-8.0,-8.79,7.3,2.1,0.8,0.2
Christian Braun,Denver Nuggets,Basketball,2001-04-17,"Burlington, Kansas, U.S.",True,M,198.0,220.0,5,Western Conference,Northwest,399,-1.4,-0.7,-4.69,19.8,7.1,3.7,1.5
Justin Minaya,Portland Trail Blazers,Basketball,1999-03-26,"Harrington Park, New Jersey, U.S.",True,M,196.0,210.0,29,Western Conference,Northwest,399,-1.4,-4.6,-8.30,8.3,1.2,1.2,0.4
Maxwell Lewis,Los Angeles Lakers,Basketball,2002-07-27,"Las Vegas, Nevada, U.S.",True,M,200.99999999999997,195.0,17,Western Conference,Pacific,399,-1.4,-11.0,-9.00,3.2,0.3,0.1,0.2
Kyle Lowry,Philadelphia 76ers,Basketball,1986-03-25,"Philadelphia, Pennsylvania, USA",True,M,183.0,196.0,13,Eastern Conference,Atlantic,407,-1.5,-0.7,-2.86,28.4,8.3,3.3,4.2
Kevin Huerter,Sacramento Kings,Basketball,1998-08-27,"Albany, New York",True,M,200.99999999999997,190.0,19,Western Conference,Pacific,407,-1.5,-0.8,-2.73,24.4,10.2,3.5,2.6
Amir Coffey,Los Angeles Clippers,Basketball,1997-06-17,"Hopkins, Minnesota",True,M,200.99999999999997,210.0,6,Western Conference,Pacific,407,-1.5,-0.9,-4.85,19.9,6.2,2.0,1.1
Anthony Gill,Washington Wizards,Basketball,1992-10-17,"High Point, North Carolina, U.S.",True,M,200.99999999999997,230.0,28,Eastern Conference,Southeast,407,-1.5,-3.0,-8.03,8.4,3.4,1.7,0.6
Markelle Fultz,Orlando Magic,Basketball,1998-05-29,"Upper Marlboro, Maryland",True,M,191.0,209.0,12,Eastern Conference,Southeast,415,-1.6,-1.5,-6.66,21.4,7.6,3.2,2.9
Dennis Smith Jr.,Brooklyn Nets,Basketball,1997-11-25,"Fayetteville, North Carolina",True,M,188.0,205.0,22,Eastern Conference,Atlantic,415,-1.6,-1.1,-4.36,18.9,6.6,2.9,3.6
Chuma Okeke,Orlando Magic,Basketball,1998-08-18,"Atlanta, Georgia",True,M,198.0,229.0,12,Eastern Conference,Southeast,415,-1.6,-3.0,-8.34,9.8,2.4,1.8,0.4
Ashton Hagans,Portland Trail Blazers,Basketball,1999-07-08,"Cartersville, Georgia, U.S.",True,M,191.0,190.0,29,Western Conference,Northwest,415,-1.6,-4.1,-9.00,16.8,4.2,2.4,2.8
Jaden Springer,Boston Celtics,Basketball,2002-09-25,"Charlotte, North Carolina, U.S.",True,M,193.0,204.0,1,Eastern Conference,Atlantic,415,-1.6,-2.8,-7.92,10.0,3.2,1.5,0.9
Brandin Podziemski,Golden State Warriors,Basketball,2003-02-25,"Greenfield, Wisconsin, U.S.",True,M,193.0,205.0,15,Western Conference,Pacific,415,-1.6,-0.7,-2.78,26.7,9.2,5.8,3.7
Nicolas Batum,Philadelphia 76ers,Basketball,1988-12-14,"Lisieux, France",True,M,202.99999999999997,230.0,13,Eastern Conference,Atlantic,422,-1.7,-0.9,-2.85,25.1,5.4,4.1,2.2
Troy Brown Jr.,Detroit Pistons,Basketball,1999-07-28,"Las Vegas, Nevada",True,M,198.0,215.0,27,Eastern Conference,Central,422,-1.7,-1.9,-6.50,12.9,4.1,2.4,1.0
Tyler Herro,Miami Heat,Basketball,2000-01-20,"Greenfield, Wisconsin, USA",True,M,196.0,205.0,14,Eastern Conference,Southeast,422,-1.7,-1.1,-4.46,33.4,20.7,5.3,4.4
John Konchar,Memphis Grizzlies,Basketball,1996-03-22,"West Chicago, Illinois, U.S.",True,M,196.0,210.0,25,Western Conference,Southwest,422,-1.7,-1.1,-3.72,21.3,4.3,4.7,2.0
Kenyon Martin Jr.,Philadelphia 76ers,Basketball,2001-01-06,"Los Angeles, California",True,M,198.0,215.0,13,Eastern Conference,Atlantic,422,-1.7,-1.9,-7.08,12.1,3.6,2.1,0.8
Jae'Sean Tate,Houston Rockets,Basketball,1995-10-28,"Toledo, Ohio, U.S.",True,M,193.0,230.0,18,Western Conference,Southwest,422,-1.7,-1.3,-4.99,15.9,4.1,3.0,1.0
Trent Forrest,Atlanta Hawks,Basketball,1998-06-12,"Dothan, Alabama, U.S.",True,M,193.0,210.0,21,Eastern Conference,Southeast,422,-1.7,-3.4,-8.87,10.8,2.1,1.3,2.4
Dalen Terry,Chicago Bulls,Basketball,2002-07-12,"Phoenix, Arizona, U.S.",True,M,200.99999999999997,195.0,20,Eastern Conference,Central,422,-1.7,-2.3,-7.99,10.7,2.6,1.8,1.3
Taylor Hendricks,Utah Jazz,Basketball,2003-11-22,"Deerfield Beach, Florida, U.S.",True,M,206.0,215.0,24,Western Conference,Northwest,422,-1.7,-1.9,-5.94,20.7,7.2,4.6,0.6
Jalen Hood-Schifino,Los Angeles Lakers,Basketball,2003-06-19,"Pittsburgh, Pennsylvania, U.S.",True,M,196.0,215.0,17,Western Conference,Pacific,422,-1.7,-12.0,-10.11,5.2,1.6,0.6,0.4
Christian Wood,Los Angeles Lakers,Basketball,1995-09-27,"Long Beach, California",True,M,208.0,214.0,17,Western Conference,Pacific,434,-1.8,-1.6,-3.61,17.4,6.9,5.1,1.0
Anfernee Simons,Portland Trail Blazers,Basketball,1999-06-08,"Altamonte Springs, Florida",True,M,191.0,181.0,29,Western Conference,Northwest,434,-1.8,-0.9,-2.87,34.4,22.6,3.6,5.5
Luguentz Dort,Oklahoma City Thunder,Basketball,1999-04-19,"Montreal, Quebec",True,M,191.0,215.0,3,Western Conference,Northwest,434,-1.8,-0.7,-0.46,28.6,10.9,3.7,1.4
MarJon Beauchamp,Milwaukee Bucks,Basketball,2000-10-12,"Yakima, Washington, U.S.",True,M,200.99999999999997,199.0,7,Eastern Conference,Central,434,-1.8,-2.4,-8.30,12.9,4.3,2.1,0.7
Russell Westbrook,Los Angeles Clippers,Basketball,1988-11-12,"Long Beach, California",True,M,191.0,200.0,6,Western Conference,Pacific,438,-1.9,-1.0,-3.64,22.4,11.2,4.9,4.4
Harrison Barnes,Sacramento Kings,Basketball,1992-05-30,"Ames, Iowa",True,M,202.99999999999997,225.0,19,Western Conference,Pacific,438,-1.9,-0.7,-0.84,29.1,12.2,2.9,1.2
OG Anunoby,New York Knicks,Basketball,1997-07-17,"London, England",True,M,200.99999999999997,232.0,8,Eastern Conference,Atlantic,438,-1.9,-1.0,-1.74,33.9,14.8,4.2,2.2
Jaren Jackson Jr.,Memphis Grizzlies,Basketball,1999-09-15,"Plainfield, New Jersey",True,M,211.0,242.0,25,Western Conference,Southwest,438,-1.9,-0.7,2.46,32.2,22.5,5.5,2.3
Jaime Jaquez Jr.,Miami Heat,Basketball,2001-02-18,"Irvine, California, U.S.",True,M,198.0,225.0,14,Eastern Conference,Southeast,438,-1.9,-0.7,-0.94,28.5,12.0,3.8,2.5
Alec Burks,New York Knicks,Basketball,1991-07-20,"Grandview, Missouri",True,M,198.0,214.0,8,Eastern Conference,Atlantic,444,-2.0,-1.3,-4.59,18.5,10.5,2.3,1.3
Jerami Grant,Portland Trail Blazers,Basketball,1994-03-12,"Portland, Oregon",True,M,202.99999999999997,210.0,29,Western Conference,Northwest,444,-2.0,-0.8,-1.39,33.9,21.0,3.5,2.8
Quentin Grimes,Detroit Pistons,Basketball,2000-05-08,"Houston, Texas, U.S.",True,M,196.0,205.0,27,Eastern Conference,Central,444,-2.0,-1.5,-6.34,20.1,7.0,2.0,1.3
Ayo Dosunmu,Chicago Bulls,Basketball,2000-01-17,"Chicago, Illinois, U.S.",True,M,196.0,200.0,20,Eastern Conference,Central,444,-2.0,-0.7,-0.26,29.0,12.1,2.8,3.2
Chris Duarte,Sacramento Kings,Basketball,1997-06-13,"Montreal, Canada",True,M,198.0,190.0,19,Western Conference,Pacific,444,-2.0,-2.2,-7.17,12.6,4.1,1.9,0.8
Jabari Walker,Portland Trail Blazers,Basketball,2002-07-30,"Wichita, Kansas, U.S.",True,M,200.99999999999997,227.0,29,Western Conference,Northwest,444,-2.0,-1.0,-3.53,23.3,8.7,6.8,1.0
Bismack Biyombo,Oklahoma City Thunder,Basketball,1992-08-28,"Lubumbashi, DR Congo",True,M,202.99999999999997,255.0,3,Western Conference,Northwest,451,-2.1,-2.2,-5.14,20.0,4.3,5.2,1.4
Seth Curry,Charlotte Hornets,Basketball,1990-08-23,"Charlotte, North Carolina",True,M,188.0,185.0,30,Eastern Conference,Southeast,451,-2.1,-2.6,-7.36,14.0,5.1,1.5,1.0
Jordan Goodwin,Memphis Grizzlies,Basketball,1998-10-23,"Centreville, Illinois, U.S.",True,M,193.0,200.0,25,Western Conference,Southwest,451,-2.1,-1.8,-5.81,17.2,5.9,3.9,2.6
Jake LaRavia,Memphis Grizzlies,Basketball,2001-11-03,"Pasadena, California, U.S.",True,M,200.99999999999997,235.0,25,Western Conference,Southwest,451,-2.1,-2.4,-6.37,21.3,9.1,3.5,1.5
Julian Strawther,Denver Nuggets,Basketball,2002-04-18,"Las Vegas, Nevada, U.S.",True,M,198.0,205.0,5,Western Conference,Northwest,451,-2.1,-3.1,-7.08,11.5,4.8,1.2,1.0
Jae Crowder,Milwaukee Bucks,Basketball,1990-07-06,"Villa Rica, Georgia",True,M,198.0,235.0,7,Eastern Conference,Central,456,-2.2,-1.6,-4.88,23.1,6.3,3.2,1.3
Maxi Kleber,Dallas Mavericks,Basketball,1992-01-29,"Würzburg, Germany",True,M,208.0,240.0,11,Western Conference,Southwest,456,-2.2,-2.2,-7.04,20.3,4.2,3.3,1.6
De'Andre Hunter,Atlanta Hawks,Basketball,1997-12-02,"Philadelphia, Pennsylvania",True,M,202.99999999999997,225.0,21,Eastern Conference,Southeast,456,-2.2,-1.1,-2.30,29.3,15.6,3.9,1.5
Ben Sheppard,Indiana Pacers,Basketball,2001-07-16,"Atlanta, Georgia, U.S.",True,M,198.0,190.0,16,Eastern Conference,Central,456,-2.2,-2.3,-6.89,13.7,4.4,1.5,0.9
Kentavious Caldwell-Pope,Denver Nuggets,Basketball,1993-02-18,"Thomaston, Georgia",True,M,196.0,204.0,5,Western Conference,Northwest,461,-2.3,-0.8,0.57,31.9,10.0,2.4,2.4
Marcus Smart,Memphis Grizzlies,Basketball,1994-03-06,"Flower Mound, Texas, USA",True,M,193.0,220.0,25,Western Conference,Southwest,461,-2.3,-2.9,-7.07,30.3,14.5,2.7,4.3
Derrick Jones Jr.,Dallas Mavericks,Basketball,1997-02-15,"Chester, Pennsylvania",True,M,196.0,210.0,11,Western Conference,Southwest,461,-2.3,-1.1,-2.39,23.5,8.7,3.4,1.0
Devin Vassell,San Antonio Spurs,Basketball,2000-08-23,"Lawrenceville, Georgia, U.S.",True,M,196.0,200.0,26,Western Conference,Southwest,461,-2.3,-0.8,1.32,33.1,19.5,3.8,4.1
Jordan Nwora,Toronto Raptors,Basketball,1998-09-09,"Buffalo, New York, U.S.",True,M,202.99999999999997,225.0,23,Eastern Conference,Atlantic,461,-2.3,-2.7,-5.79,13.5,6.8,2.7,1.2
Josh Hart,New York Knicks,Basketball,1995-03-06,"Silver Spring, Maryland",True,M,196.0,215.0,8,Eastern Conference,Atlantic,468,-2.4,-0.7,-0.49,33.0,9.1,8.2,4.0
Darius Garland,Cleveland Cavaliers,Basketball,2000-01-26,"Gary, Indiana",True,M,185.0,192.0,9,Eastern Conference,Central,468,-2.4,-1.1,-2.53,33.3,17.8,2.6,6.6
Talen Horton-Tucker,Utah Jazz,Basketball,2000-11-25,"Chicago, Illinois",True,M,193.0,234.0,24,Western Conference,Northwest,468,-2.4,-2.0,-5.51,19.1,9.7,2.3,3.5
Saddiq Bey,Atlanta Hawks,Basketball,1999-04-09,"Charlotte, North Carolina, U.S.",True,M,200.99999999999997,215.0,21,Eastern Conference,Southeast,468,-2.4,-0.9,-0.66,32.7,13.7,6.5,1.5
Blake Wesley,San Antonio Spurs,Basketball,2003-03-16,"South Bend, Indiana, U.S.",True,M,191.0,185.0,26,Western Conference,Southwest,468,-2.4,-2.5,-7.82,13.6,4.0,1.4,2.7
Peyton Watson,Denver Nuggets,Basketball,2002-09-11,"Beverly Hills, California, U.S.",True,M,200.99999999999997,200.0,5,Western Conference,Northwest,468,-2.4,-1.3,-3.19,18.2,6.6,3.1,1.0
Patrick Beverley,Milwaukee Bucks,Basketball,1988-07-12,"Chicago, Illinois",True,M,185.0,180.0,7,Eastern Conference,Central,474,-2.5,-1.4,-4.26,19.7,5.9,3.1,2.8
Davion Mitchell,Sacramento Kings,Basketball,1998-09-05,"Hinesville, Georgia, U.S.",True,M,188.0,205.0,19,Western Conference,Pacific,474,-2.5,-1.9,-7.17,14.7,5.0,1.3,1.8
Tre Mann,Charlotte Hornets,Basketball,2001-02-03,"Gainesville, Florida, U.S.",True,M,191.0,178.0,30,Eastern Conference,Southeast,474,-2.5,-2.3,-6.34,23.0,8.5,3.6,3.7
Dalano Banton,Portland Trail Blazers,Basketball,1999-11-07,"Toronto, Ontario, Canada",True,M,206.0,204.0,29,Western Conference,Northwest,474,-2.5,-2.2,-6.46,18.0,9.4,3.2,2.1
Rayan Rupert,Portland Trail Blazers,Basketball,2004-05-31,"Strasbourg, France",True,M,198.0,185.0,29,Western Conference,Northwest,474,-2.5,-4.1,-8.84,13.9,3.6,2.1,1.4
Evan Fournier,Detroit Pistons,Basketball,1992-10-29,"Saint-Maurice, France",True,M,200.99999999999997,205.0,27,Eastern Conference,Central,480,-2.6,-4.2,-6.91,17.2,6.3,1.8,1.5
Mike Muscala,Oklahoma City Thunder,Basketball,1991-07-01,"St. Louis Park, Minnesota",True,M,208.0,240.0,3,Western Conference,Northwest,480,-2.6,-3.5,-5.31,11.5,3.2,2.3,0.7
Cedi Osman,San Antonio Spurs,Basketball,1995-04-08,"Ohrid, Macedonia",True,M,200.99999999999997,230.0,26,Western Conference,Southwest,480,-2.6,-1.6,-3.80,17.6,6.8,2.5,1.7
Pat Connaughton,Milwaukee Bucks,Basketball,1993-01-06,"Arlington, Massachusetts",True,M,196.0,209.0,7,Eastern Conference,Central,480,-2.6,-1.3,-3.20,22.1,5.7,3.3,2.1
Kris Dunn,Utah Jazz,Basketball,1994-03-18,"New London, Connecticut",True,M,193.0,205.0,24,Western Conference,Northwest,480,-2.6,-1.6,-3.25,18.9,5.4,2.9,3.8
Coby White,Chicago Bulls,Basketball,2000-02-16,"Goldsboro, North Carolina",True,M,196.0,195.0,20,Eastern Conference,Central,480,-2.6,-0.7,1.19,36.4,19.1,4.6,5.1
Max Strus,Cleveland Cavaliers,Basketball,1996-03-28,"Hickory Hills, Illinois, USA",True,M,196.0,215.0,9,Eastern Conference,Central,480,-2.6,-1.0,-1.18,32.0,12.3,4.7,3.8
Josh Green,Dallas Mavericks,Basketball,2000-11-16,"Sydney, New South Wales, Australia",True,M,196.0,200.0,11,Western Conference,Southwest,480,-2.6,-1.4,-4.91,26.6,8.5,3.2,2.3
Malachi Flynn,Detroit Pistons,Basketball,1998-05-10,"Tacoma, Washington, U.S.",True,M,185.0,175.0,27,Eastern Conference,Central,480,-2.6,-2.6,-6.70,12.3,5.3,1.7,1.8
Anthony Black,Orlando Magic,Basketball,2004-01-20,"Duncanville, Texas, U.S.",True,M,200.99999999999997,200.0,12,Eastern Conference,Southeast,480,-2.6,-1.8,-7.09,17.4,4.7,2.1,1.4
Jordan Hawkins,New Orleans Pelicans,Basketball,2002-04-29,"Gaithersburg, Maryland, U.S.",True,M,196.0,190.0,4,Western Conference,Southwest,480,-2.6,-1.7,-5.99,17.5,7.9,2.2,1.1
Klay Thompson,Golden State Warriors,Basketball,1990-02-08,"Los Angeles, California",True,M,198.0,215.0,15,Western Conference,Pacific,493,-2.8,-1.0,1.43,29.7,17.4,3.3,2.3
Andrew Wiggins,Golden State Warriors,Basketball,1995-02-23,"Toronto, Ontario",True,M,200.99999999999997,197.0,15,Western Conference,Pacific,493,-2.8,-1.2,-2.65,27.0,13.0,4.5,1.7
Royce O'Neale,Phoenix Suns,Basketball,1993-06-05,"Killeen, Texas",True,M,193.0,226.0,10,Western Conference,Pacific,493,-2.8,-1.2,-0.52,24.7,7.7,4.8,2.8
Keldon Johnson,San Antonio Spurs,Basketball,1999-11-11,"Chesterfield, Virginia",True,M,196.0,220.0,26,Western Conference,Southwest,493,-2.8,-1.1,-0.22,29.6,15.8,5.5,2.9
Santi Aldama,Memphis Grizzlies,Basketball,2001-01-10,,True,M,213.0,224.0,25,Western Conference,Southwest,493,-2.8,-1.4,-2.51,26.5,10.7,5.8,2.3
Gordon Hayward,Oklahoma City Thunder,Basketball,1990-03-23,"Indianapolis, Indiana",True,M,200.99999999999997,225.0,3,Western Conference,Northwest,498,-2.9,-1.9,-4.71,24.5,9.7,3.5,3.2
Buddy Hield,Philadelphia 76ers,Basketball,1992-12-17,"Freeport, Bahamas",True,M,193.0,220.0,13,Eastern Conference,Atlantic,498,-2.9,-1.1,0.67,26.0,12.1,3.2,2.9
